<ImportExportXml xmlns:xsi="http://www.w3.org/2001/XMLSchema-instance">
  <Entities></Entities>
  <Roles></Roles>
  <Workflows></Workflows>
  <FieldSecurityProfiles></FieldSecurityProfiles>
  <Templates />
  <EntityMaps />
  <EntityRelationships />
  <OrganizationSettings />
  <optionsets />
  <CustomControls />
  <EntityDataProviders />
  <CanvasApps>
    <CanvasApp>
      <Name>olp_mcapsacademyapp_7c1ba</Name>
      <AppVersion>2023-01-20T16:31:56Z</AppVersion>
      <Status>Ready</Status>
      <CreatedByClientVersion>3.23013.11.0</CreatedByClientVersion>
      <MinClientVersion>3.23013.11.0</MinClientVersion>
      <Tags>{"primaryDeviceWidth":"1535","primaryDeviceHeight":"611","supportsPortrait":"true","supportsLandscape":"true","primaryFormFactor":"Tablet","publisherVersion":"3.23013.11","minimumRequiredApiVersion":"2.2.0","hasComponent":"false","hasUnlockedComponent":"false","isUnifiedRootApp":"false","sienaVersion":"20221129T224111Z-3.22112.12.0"}</Tags>
      <IsCdsUpgraded>0</IsCdsUpgraded>
      <GalleryItemId xsi:nil="true"></GalleryItemId>
      <BackgroundColor>rgba(0, 16, 96, 1)</BackgroundColor>
      <DisplayName>Start your  Journey</DisplayName>
      <Description xsi:nil="true"></Description>
      <CommitMessage xsi:nil="true"></CommitMessage>
      <Publisher xsi:nil="true"></Publisher>
      <AuthorizationReferences>[]</AuthorizationReferences>
      <ConnectionReferences>{"e4202685-1c3e-4ff4-b009-a9cb8f99b545":{"id":"/providers/microsoft.powerapps/apis/shared_office365users","displayName":"Office 365 Users","iconUri":"https://connectoricons-prod.azureedge.net/releases/v1.0.1611/1.0.1611.3104/office365users/icon.png","dataSources":["Office365Users"],"dependencies":[],"dependents":[],"parameterHints":{},"parameterHintsV2":{},"isOnPremiseConnection":false,"bypassConsent":false,"dataSets":{},"apiTier":"Standard"}}</ConnectionReferences>
      <DatabaseReferences>{"default.cds":{"databaseDetails":{"referenceType":"Environmental","environmentName":"default.cds","overrideValues":{"status":"NotSpecified"}},"dataSources":{"Asset per Paths":{"entitySetName":"olp_assetperpaths","logicalName":"olp_assetperpath"},"Asset Catalogs":{"entitySetName":"wwlsvy_certifications","logicalName":"wwlsvy_certification"},"Paths":{"entitySetName":"olp_pathses","logicalName":"olp_paths"},"Contacts":{"entitySetName":"contacts","logicalName":"contact"},"Learner Program Parameters":{"entitySetName":"olp_learnerroleses","logicalName":"olp_learnerroles"},"Program Parameters":{"entitySetName":"wwlsvy_qualifiercriterias","logicalName":"wwlsvy_qualifiercriteria"},"Teams":{"entitySetName":"teams","logicalName":"team"},"Users":{"entitySetName":"systemusers","logicalName":"systemuser"}}}}</DatabaseReferences>
      <AppComponents>[]</AppComponents>
      <AppComponentDependencies>[]</AppComponentDependencies>
      <CanConsumeAppPass>1</CanConsumeAppPass>
      <CanvasAppType>0</CanvasAppType>
      <BypassConsent>0</BypassConsent>
      <AdminControlBypassConsent>0</AdminControlBypassConsent>
      <EmbeddedApp xsi:nil="true"></EmbeddedApp>
      <IntroducedVersion>1.0</IntroducedVersion>
      <CdsDependencies>{"cdsdependencies":[{"logicalname":"olp_assetperpath","componenttype":1},{"logicalname":"wwlsvy_certification","componenttype":1},{"logicalname":"olp_paths","componenttype":1},{"logicalname":"contact","componenttype":1},{"logicalname":"olp_learnerroles","componenttype":1},{"logicalname":"wwlsvy_qualifiercriteria","componenttype":1},{"logicalname":"team","componenttype":1},{"logicalname":"systemuser","componenttype":1}]}</CdsDependencies>
      <IsCustomizable>1</IsCustomizable>
      <BackgroundImageUri>/CanvasApps/olp_mcapsacademyapp_7c1ba_BackgroundImageUri</BackgroundImageUri>
      <DocumentUri>/CanvasApps/olp_mcapsacademyapp_7c1ba_DocumentUri.msapp</DocumentUri>
    </CanvasApp>
    <CanvasApp>
      <Name>olp_startyourjourneycopy28nov2022_684e9</Name>
      <AppVersion>2022-11-28T20:42:35Z</AppVersion>
      <Status>Ready</Status>
      <CreatedByClientVersion>3.22112.12.0</CreatedByClientVersion>
      <MinClientVersion>3.22112.12.0</MinClientVersion>
      <Tags>{"primaryDeviceWidth":"1440","primaryDeviceHeight":"1250","supportsPortrait":"true","supportsLandscape":"true","primaryFormFactor":"Tablet","publisherVersion":"3.22112.12","minimumRequiredApiVersion":"2.2.0","hasComponent":"false","hasUnlockedComponent":"false","isUnifiedRootApp":"false","sienaVersion":"20221128T204235Z-3.22112.12.0"}</Tags>
      <IsCdsUpgraded>0</IsCdsUpgraded>
      <GalleryItemId xsi:nil="true"></GalleryItemId>
      <BackgroundColor>rgba(0, 16, 96, 1)</BackgroundColor>
      <DisplayName>Start your Journey Content - Keertana's Practice</DisplayName>
      <Description xsi:nil="true"></Description>
      <CommitMessage xsi:nil="true"></CommitMessage>
      <Publisher xsi:nil="true"></Publisher>
      <AuthorizationReferences>[]</AuthorizationReferences>
      <ConnectionReferences>{"e4202685-1c3e-4ff4-b009-a9cb8f99b545":{"id":"/providers/microsoft.powerapps/apis/shared_office365users","displayName":"Office 365 Users","iconUri":"https://connectoricons-prod.azureedge.net/releases/v1.0.1593/1.0.1593.2980/office365users/icon.png","dataSources":["Office365Users"],"dependencies":[],"dependents":[],"parameterHints":{},"parameterHintsV2":{},"isOnPremiseConnection":false,"dataSets":{},"apiTier":"Standard"},"c4871ae4-8ebf-478d-bbb3-18fb0721a10e":{"id":"/providers/microsoft.powerapps/apis/shared_office365","displayName":"Office 365 Outlook","iconUri":"https://connectoricons-prod.azureedge.net/releases/v1.0.1599/1.0.1599.3017/office365/icon.png","dataSources":["Office365Outlook"],"dependencies":[],"dependents":[],"parameterHints":{},"parameterHintsV2":{},"isOnPremiseConnection":false,"dataSets":{},"apiTier":"Standard"}}</ConnectionReferences>
      <DatabaseReferences>{"default.cds":{"databaseDetails":{"referenceType":"NotSpecified","environmentName":"default.cds","overrideValues":{"status":"NotSpecified"}},"dataSources":{"Asset Catalogs":{"entitySetName":"wwlsvy_certifications","logicalName":"wwlsvy_certification"},"Assets Per Learners":{"entitySetName":"wwlsvy_certificationcompletions","logicalName":"wwlsvy_certificationcompletion"},"Contacts":{"entitySetName":"contacts","logicalName":"contact"},"Learner Program Parameters":{"entitySetName":"olp_learnerroleses","logicalName":"olp_learnerroles"},"Program Parameters":{"entitySetName":"wwlsvy_qualifiercriterias","logicalName":"wwlsvy_qualifiercriteria"},"Paths per Program Parameters":{"entitySetName":"olp_pathsperroles","logicalName":"olp_pathsperrole"},"Paths":{"entitySetName":"olp_pathses","logicalName":"olp_paths"},"Topics":{"entitySetName":"olp_topicses","logicalName":"olp_topics"},"Asset per Paths":{"entitySetName":"olp_assetperpaths","logicalName":"olp_assetperpath"},"Users":{"entitySetName":"systemusers","logicalName":"systemuser"},"Programs":{"entitySetName":"wwlsvy_solutionareas","logicalName":"wwlsvy_solutionarea"},"Roles":{"entitySetName":"wwlsvy_immersions","logicalName":"wwlsvy_immersion"},"Personas":{"entitySetName":"olp_personas","logicalName":"olp_persona"},"Areas":{"entitySetName":"olp_areas","logicalName":"olp_area"},"Customer Voice survey invites":{"entitySetName":"msfp_surveyinvites","logicalName":"msfp_surveyinvite"},"Customer Voice survey responses":{"entitySetName":"msfp_surveyresponses","logicalName":"msfp_surveyresponse"},"Customer Voice survey question responses":{"entitySetName":"msfp_questionresponses","logicalName":"msfp_questionresponse"},"Customer Voice survey questions":{"entitySetName":"msfp_questions","logicalName":"msfp_question"},"Customer Voice surveys":{"entitySetName":"msfp_surveies","logicalName":"msfp_survey"},"Security Roles":{"entitySetName":"roles","logicalName":"role"},"Privileges":{"entitySetName":"privileges","logicalName":"privilege"},"ApplicationUsers":{"entitySetName":"applicationusers","logicalName":"applicationuser"},"Teams":{"entitySetName":"teams","logicalName":"team"},"Team templates":{"entitySetName":"teamtemplates","logicalName":"teamtemplate"},"Entitlements":{"entitySetName":"entitlements","logicalName":"entitlement"},"Onboarding Experience Choices":{"entitySetName":"wwlsvy_learnerchoices","logicalName":"wwlsvy_learnerchoice"},"Onboarding Experience Requests":{"entitySetName":"wwlsvy_onboardingexperiencerequests","logicalName":"wwlsvy_onboardingexperiencerequest"}}}}</DatabaseReferences>
      <AppComponents>[]</AppComponents>
      <AppComponentDependencies>[]</AppComponentDependencies>
      <CanConsumeAppPass>1</CanConsumeAppPass>
      <CanvasAppType>0</CanvasAppType>
      <BypassConsent>0</BypassConsent>
      <AdminControlBypassConsent>0</AdminControlBypassConsent>
      <EmbeddedApp xsi:nil="true"></EmbeddedApp>
      <IntroducedVersion>1.0</IntroducedVersion>
      <CdsDependencies>{"cdsdependencies":[{"logicalname":"wwlsvy_certification","componenttype":1},{"logicalname":"wwlsvy_certificationcompletion","componenttype":1},{"logicalname":"contact","componenttype":1},{"logicalname":"olp_learnerroles","componenttype":1},{"logicalname":"wwlsvy_qualifiercriteria","componenttype":1},{"logicalname":"olp_pathsperrole","componenttype":1},{"logicalname":"olp_paths","componenttype":1},{"logicalname":"olp_topics","componenttype":1},{"logicalname":"olp_assetperpath","componenttype":1},{"logicalname":"systemuser","componenttype":1},{"logicalname":"wwlsvy_solutionarea","componenttype":1},{"logicalname":"wwlsvy_immersion","componenttype":1},{"logicalname":"olp_persona","componenttype":1},{"logicalname":"olp_area","componenttype":1},{"logicalname":"msfp_surveyinvite","componenttype":1},{"logicalname":"msfp_surveyresponse","componenttype":1},{"logicalname":"msfp_questionresponse","componenttype":1},{"logicalname":"msfp_question","componenttype":1},{"logicalname":"msfp_survey","componenttype":1},{"logicalname":"role","componenttype":1},{"logicalname":"privilege","componenttype":1},{"logicalname":"applicationuser","componenttype":1},{"logicalname":"team","componenttype":1},{"logicalname":"teamtemplate","componenttype":1},{"logicalname":"entitlement","componenttype":1},{"logicalname":"wwlsvy_learnerchoice","componenttype":1},{"logicalname":"wwlsvy_onboardingexperiencerequest","componenttype":1}]}</CdsDependencies>
      <IsCustomizable>1</IsCustomizable>
      <BackgroundImageUri>/CanvasApps/olp_startyourjourneycopy28nov2022_684e9_BackgroundImageUri</BackgroundImageUri>
      <DocumentUri>/CanvasApps/olp_startyourjourneycopy28nov2022_684e9_DocumentUri.msapp</DocumentUri>
    </CanvasApp>
    <CanvasApp>
      <Name>olp_mcapsacademyappcontenttest_62375</Name>
      <AppVersion>2023-01-20T17:15:52Z</AppVersion>
      <Status>Ready</Status>
      <CreatedByClientVersion>3.23013.11.0</CreatedByClientVersion>
      <MinClientVersion>3.23013.11.0</MinClientVersion>
      <Tags>{"primaryDeviceWidth":"1535","primaryDeviceHeight":"611","supportsPortrait":"true","supportsLandscape":"true","primaryFormFactor":"Tablet","publisherVersion":"3.23013.11","minimumRequiredApiVersion":"2.2.0","hasComponent":"false","hasUnlockedComponent":"false","isUnifiedRootApp":"false","sienaVersion":"20230118T173133Z-3.23013.11.0"}</Tags>
      <IsCdsUpgraded>0</IsCdsUpgraded>
      <GalleryItemId xsi:nil="true"></GalleryItemId>
      <BackgroundColor>rgba(0, 16, 96, 1)</BackgroundColor>
      <DisplayName>Start your Journey-</DisplayName>
      <Description xsi:nil="true"></Description>
      <CommitMessage xsi:nil="true"></CommitMessage>
      <Publisher xsi:nil="true"></Publisher>
      <AuthorizationReferences>[]</AuthorizationReferences>
      <ConnectionReferences>{"e4202685-1c3e-4ff4-b009-a9cb8f99b545":{"id":"/providers/microsoft.powerapps/apis/shared_office365users","displayName":"Office 365 Users","iconUri":"https://connectoricons-prod.azureedge.net/releases/v1.0.1611/1.0.1611.3104/office365users/icon.png","dataSources":["Office365Users"],"dependencies":[],"dependents":[],"parameterHints":{},"parameterHintsV2":{},"isOnPremiseConnection":false,"bypassConsent":false,"dataSets":{},"apiTier":"Standard"},"c4871ae4-8ebf-478d-bbb3-18fb0721a10e":{"id":"/providers/microsoft.powerapps/apis/shared_office365","displayName":"Office 365 Outlook","iconUri":"https://connectoricons-prod.azureedge.net/releases/v1.0.1613/1.0.1613.3125/office365/icon.png","dataSources":["Office365Outlook"],"dependencies":[],"dependents":[],"parameterHints":{},"parameterHintsV2":{},"isOnPremiseConnection":false,"bypassConsent":false,"dataSets":{},"apiTier":"Standard"}}</ConnectionReferences>
      <DatabaseReferences>{"default.cds":{"databaseDetails":{"referenceType":"Environmental","environmentName":"default.cds","overrideValues":{"status":"NotSpecified"}},"dataSources":{"Asset Catalogs":{"entitySetName":"wwlsvy_certifications","logicalName":"wwlsvy_certification"},"Assets Per Learners":{"entitySetName":"wwlsvy_certificationcompletions","logicalName":"wwlsvy_certificationcompletion"},"Contacts":{"entitySetName":"contacts","logicalName":"contact"},"Learner Program Parameters":{"entitySetName":"olp_learnerroleses","logicalName":"olp_learnerroles"},"Program Parameters":{"entitySetName":"wwlsvy_qualifiercriterias","logicalName":"wwlsvy_qualifiercriteria"},"Paths per Program Parameters":{"entitySetName":"olp_pathsperroles","logicalName":"olp_pathsperrole"},"Paths":{"entitySetName":"olp_pathses","logicalName":"olp_paths"},"Topics":{"entitySetName":"olp_topicses","logicalName":"olp_topics"},"Asset per Paths":{"entitySetName":"olp_assetperpaths","logicalName":"olp_assetperpath"},"Users":{"entitySetName":"systemusers","logicalName":"systemuser"},"Programs":{"entitySetName":"wwlsvy_solutionareas","logicalName":"wwlsvy_solutionarea"},"Roles":{"entitySetName":"wwlsvy_immersions","logicalName":"wwlsvy_immersion"},"Personas":{"entitySetName":"olp_personas","logicalName":"olp_persona"},"Areas":{"entitySetName":"olp_areas","logicalName":"olp_area"},"Customer Voice survey invites":{"entitySetName":"msfp_surveyinvites","logicalName":"msfp_surveyinvite"},"Customer Voice survey responses":{"entitySetName":"msfp_surveyresponses","logicalName":"msfp_surveyresponse"},"Customer Voice survey question responses":{"entitySetName":"msfp_questionresponses","logicalName":"msfp_questionresponse"},"Customer Voice survey questions":{"entitySetName":"msfp_questions","logicalName":"msfp_question"},"Customer Voice surveys":{"entitySetName":"msfp_surveies","logicalName":"msfp_survey"},"Security Roles":{"entitySetName":"roles","logicalName":"role"},"Privileges":{"entitySetName":"privileges","logicalName":"privilege"},"ApplicationUsers":{"entitySetName":"applicationusers","logicalName":"applicationuser"},"Teams":{"entitySetName":"teams","logicalName":"team"},"Team templates":{"entitySetName":"teamtemplates","logicalName":"teamtemplate"},"Entitlements":{"entitySetName":"entitlements","logicalName":"entitlement"},"Onboarding Experience Choices":{"entitySetName":"wwlsvy_learnerchoices","logicalName":"wwlsvy_learnerchoice"},"Onboarding Experience Requests":{"entitySetName":"wwlsvy_onboardingexperiencerequests","logicalName":"wwlsvy_onboardingexperiencerequest"}}}}</DatabaseReferences>
      <AppComponents>[]</AppComponents>
      <AppComponentDependencies>[]</AppComponentDependencies>
      <CanConsumeAppPass>1</CanConsumeAppPass>
      <CanvasAppType>0</CanvasAppType>
      <BypassConsent>0</BypassConsent>
      <AdminControlBypassConsent>0</AdminControlBypassConsent>
      <EmbeddedApp xsi:nil="true"></EmbeddedApp>
      <IntroducedVersion>1.0</IntroducedVersion>
      <CdsDependencies>{"cdsdependencies":[{"logicalname":"wwlsvy_certification","componenttype":1},{"logicalname":"wwlsvy_certificationcompletion","componenttype":1},{"logicalname":"contact","componenttype":1},{"logicalname":"olp_learnerroles","componenttype":1},{"logicalname":"wwlsvy_qualifiercriteria","componenttype":1},{"logicalname":"olp_pathsperrole","componenttype":1},{"logicalname":"olp_paths","componenttype":1},{"logicalname":"olp_topics","componenttype":1},{"logicalname":"olp_assetperpath","componenttype":1},{"logicalname":"systemuser","componenttype":1},{"logicalname":"wwlsvy_solutionarea","componenttype":1},{"logicalname":"wwlsvy_immersion","componenttype":1},{"logicalname":"olp_persona","componenttype":1},{"logicalname":"olp_area","componenttype":1},{"logicalname":"msfp_surveyinvite","componenttype":1},{"logicalname":"msfp_surveyresponse","componenttype":1},{"logicalname":"msfp_questionresponse","componenttype":1},{"logicalname":"msfp_question","componenttype":1},{"logicalname":"msfp_survey","componenttype":1},{"logicalname":"role","componenttype":1},{"logicalname":"privilege","componenttype":1},{"logicalname":"applicationuser","componenttype":1},{"logicalname":"team","componenttype":1},{"logicalname":"teamtemplate","componenttype":1},{"logicalname":"entitlement","componenttype":1},{"logicalname":"wwlsvy_learnerchoice","componenttype":1},{"logicalname":"wwlsvy_onboardingexperiencerequest","componenttype":1}]}</CdsDependencies>
      <IsCustomizable>1</IsCustomizable>
      <BackgroundImageUri>/CanvasApps/olp_mcapsacademyappcontenttest_62375_BackgroundImageUri</BackgroundImageUri>
      <DocumentUri>/CanvasApps/olp_mcapsacademyappcontenttest_62375_DocumentUri.msapp</DocumentUri>
    </CanvasApp>
    <CanvasApp>
      <Name>olp_startyourjourneycopy28nov2022_9ad46</Name>
      <AppVersion>2022-11-28T20:42:25Z</AppVersion>
      <Status>Ready</Status>
      <CreatedByClientVersion>3.22112.12.0</CreatedByClientVersion>
      <MinClientVersion>3.22112.12.0</MinClientVersion>
      <Tags>{"primaryDeviceWidth":"1440","primaryDeviceHeight":"800","supportsPortrait":"true","supportsLandscape":"true","primaryFormFactor":"Tablet","publisherVersion":"3.22112.12","minimumRequiredApiVersion":"2.2.0","hasComponent":"false","hasUnlockedComponent":"false","isUnifiedRootApp":"false","sienaVersion":"20221128T204225Z-3.22112.12.0"}</Tags>
      <IsCdsUpgraded>0</IsCdsUpgraded>
      <GalleryItemId xsi:nil="true"></GalleryItemId>
      <BackgroundColor>rgba(0, 16, 96, 1)</BackgroundColor>
      <DisplayName>Start your  Journey Welcome Page - Keertana's Practice</DisplayName>
      <Description xsi:nil="true"></Description>
      <CommitMessage xsi:nil="true"></CommitMessage>
      <Publisher xsi:nil="true"></Publisher>
      <AuthorizationReferences>[]</AuthorizationReferences>
      <ConnectionReferences>{"e4202685-1c3e-4ff4-b009-a9cb8f99b545":{"id":"/providers/microsoft.powerapps/apis/shared_office365users","displayName":"Office 365 Users","iconUri":"https://connectoricons-prod.azureedge.net/releases/v1.0.1593/1.0.1593.2980/office365users/icon.png","dataSources":["Office365Users"],"dependencies":[],"dependents":[],"parameterHints":{},"parameterHintsV2":{},"isOnPremiseConnection":false,"dataSets":{},"apiTier":"Standard"}}</ConnectionReferences>
      <DatabaseReferences>{"default.cds":{"databaseDetails":{"referenceType":"NotSpecified","environmentName":"default.cds","overrideValues":{"status":"NotSpecified"}},"dataSources":{"Asset per Paths":{"entitySetName":"olp_assetperpaths","logicalName":"olp_assetperpath"},"Asset Catalogs":{"entitySetName":"wwlsvy_certifications","logicalName":"wwlsvy_certification"},"Paths":{"entitySetName":"olp_pathses","logicalName":"olp_paths"},"Contacts":{"entitySetName":"contacts","logicalName":"contact"},"Learner Program Parameters":{"entitySetName":"olp_learnerroleses","logicalName":"olp_learnerroles"},"Program Parameters":{"entitySetName":"wwlsvy_qualifiercriterias","logicalName":"wwlsvy_qualifiercriteria"}}}}</DatabaseReferences>
      <AppComponents>[]</AppComponents>
      <AppComponentDependencies>[]</AppComponentDependencies>
      <CanConsumeAppPass>1</CanConsumeAppPass>
      <CanvasAppType>0</CanvasAppType>
      <BypassConsent>0</BypassConsent>
      <AdminControlBypassConsent>0</AdminControlBypassConsent>
      <EmbeddedApp xsi:nil="true"></EmbeddedApp>
      <IntroducedVersion>1.0</IntroducedVersion>
      <CdsDependencies>{"cdsdependencies":[{"logicalname":"olp_assetperpath","componenttype":1},{"logicalname":"wwlsvy_certification","componenttype":1},{"logicalname":"olp_paths","componenttype":1},{"logicalname":"contact","componenttype":1},{"logicalname":"olp_learnerroles","componenttype":1},{"logicalname":"wwlsvy_qualifiercriteria","componenttype":1}]}</CdsDependencies>
      <IsCustomizable>1</IsCustomizable>
      <BackgroundImageUri>/CanvasApps/olp_startyourjourneycopy28nov2022_9ad46_BackgroundImageUri</BackgroundImageUri>
      <DocumentUri>/CanvasApps/olp_startyourjourneycopy28nov2022_9ad46_DocumentUri.msapp</DocumentUri>
    </CanvasApp>
  </CanvasApps>
  <Languages>
    <Language>1033</Language>
  </Languages>
</ImportExportXml>