<ImportExportXml version="9.2.23012.138" SolutionPackageVersion="9.2" languagecode="1033" generatedBy="CrmLive" xmlns:xsi="http://www.w3.org/2001/XMLSchema-instance">
  <SolutionManifest>
    <UniqueName>MCAPSAcademyApp</UniqueName>
    <LocalizedNames>
      <LocalizedName description="MCAPS Academy App" languagecode="1033" />
    </LocalizedNames>
    <Descriptions />
    <Version>1.0.0.36</Version>
    <Managed>1</Managed>
    <Publisher>
      <UniqueName>OLP</UniqueName>
      <LocalizedNames>
        <LocalizedName description="OLP" languagecode="1033" />
      </LocalizedNames>
      <Descriptions />
      <EMailAddress xsi:nil="true"></EMailAddress>
      <SupportingWebsiteUrl xsi:nil="true"></SupportingWebsiteUrl>
      <CustomizationPrefix>olp</CustomizationPrefix>
      <CustomizationOptionValuePrefix>88355</CustomizationOptionValuePrefix>
      <Addresses>
        <Address>
          <AddressNumber>1</AddressNumber>
          <AddressTypeCode>1</AddressTypeCode>
          <City xsi:nil="true"></City>
          <County xsi:nil="true"></County>
          <Country xsi:nil="true"></Country>
          <Fax xsi:nil="true"></Fax>
          <FreightTermsCode xsi:nil="true"></FreightTermsCode>
          <ImportSequenceNumber xsi:nil="true"></ImportSequenceNumber>
          <Latitude xsi:nil="true"></Latitude>
          <Line1 xsi:nil="true"></Line1>
          <Line2 xsi:nil="true"></Line2>
          <Line3 xsi:nil="true"></Line3>
          <Longitude xsi:nil="true"></Longitude>
          <Name xsi:nil="true"></Name>
          <PostalCode xsi:nil="true"></PostalCode>
          <PostOfficeBox xsi:nil="true"></PostOfficeBox>
          <PrimaryContactName xsi:nil="true"></PrimaryContactName>
          <ShippingMethodCode>1</ShippingMethodCode>
          <StateOrProvince xsi:nil="true"></StateOrProvince>
          <Telephone1 xsi:nil="true"></Telephone1>
          <Telephone2 xsi:nil="true"></Telephone2>
          <Telephone3 xsi:nil="true"></Telephone3>
          <TimeZoneRuleVersionNumber xsi:nil="true"></TimeZoneRuleVersionNumber>
          <UPSZone xsi:nil="true"></UPSZone>
          <UTCOffset xsi:nil="true"></UTCOffset>
          <UTCConversionTimeZoneCode xsi:nil="true"></UTCConversionTimeZoneCode>
        </Address>
        <Address>
          <AddressNumber>2</AddressNumber>
          <AddressTypeCode>1</AddressTypeCode>
          <City xsi:nil="true"></City>
          <County xsi:nil="true"></County>
          <Country xsi:nil="true"></Country>
          <Fax xsi:nil="true"></Fax>
          <FreightTermsCode xsi:nil="true"></FreightTermsCode>
          <ImportSequenceNumber xsi:nil="true"></ImportSequenceNumber>
          <Latitude xsi:nil="true"></Latitude>
          <Line1 xsi:nil="true"></Line1>
          <Line2 xsi:nil="true"></Line2>
          <Line3 xsi:nil="true"></Line3>
          <Longitude xsi:nil="true"></Longitude>
          <Name xsi:nil="true"></Name>
          <PostalCode xsi:nil="true"></PostalCode>
          <PostOfficeBox xsi:nil="true"></PostOfficeBox>
          <PrimaryContactName xsi:nil="true"></PrimaryContactName>
          <ShippingMethodCode>1</ShippingMethodCode>
          <StateOrProvince xsi:nil="true"></StateOrProvince>
          <Telephone1 xsi:nil="true"></Telephone1>
          <Telephone2 xsi:nil="true"></Telephone2>
          <Telephone3 xsi:nil="true"></Telephone3>
          <TimeZoneRuleVersionNumber xsi:nil="true"></TimeZoneRuleVersionNumber>
          <UPSZone xsi:nil="true"></UPSZone>
          <UTCOffset xsi:nil="true"></UTCOffset>
          <UTCConversionTimeZoneCode xsi:nil="true"></UTCConversionTimeZoneCode>
        </Address>
      </Addresses>
    </Publisher>
    <RootComponents>
      <RootComponent type="300" schemaName="olp_mcapsacademyappcontenttest_62375" behavior="0" />
      <RootComponent type="300" schemaName="olp_mcapsacademyapp_7c1ba" behavior="0" />
      <RootComponent type="300" schemaName="olp_startyourjourneycopy28nov2022_684e9" behavior="0" />
      <RootComponent type="300" schemaName="olp_startyourjourneycopy28nov2022_9ad46" behavior="0" />
    </RootComponents>
    <MissingDependencies>
      <MissingDependency>
        <Required type="1" schemaName="applicationuser" displayName="ApplicationUser" solution="ApplicationUserSolution (1.0.1.2)" />
        <Dependent type="300" schemaName="olp_mcapsacademyappcontenttest_62375" displayName="Start your Journey-" />
      </MissingDependency>
      <MissingDependency>
        <Required type="1" schemaName="applicationuser" displayName="ApplicationUser" solution="ApplicationUserSolution (1.0.1.2)" />
        <Dependent type="300" schemaName="olp_startyourjourneycopy28nov2022_684e9" displayName="Start your Journey Content - Keertana's Practice" />
      </MissingDependency>
      <MissingDependency>
        <Required type="1" schemaName="entitlement" displayName="Entitlement" solution="msdynce_Service (9.0.5.56)">
          <package>msdynce_ServiceAnchor (9.0.22123.1014)</package>
        </Required>
        <Dependent type="300" schemaName="olp_mcapsacademyappcontenttest_62375" displayName="Start your Journey-" />
      </MissingDependency>
      <MissingDependency>
        <Required type="1" schemaName="entitlement" displayName="Entitlement" solution="msdynce_Service (9.0.5.56)">
          <package>msdynce_ServiceAnchor (9.0.22123.1014)</package>
        </Required>
        <Dependent type="300" schemaName="olp_startyourjourneycopy28nov2022_684e9" displayName="Start your Journey Content - Keertana's Practice" />
      </MissingDependency>
      <MissingDependency>
        <Required type="1" schemaName="msfp_question" displayName="Customer Voice survey question" solution="MicrosoftFormsPro (2.0.0.40)">
          <package>MicrosoftFormsPro (2.0.0.40)</package>
        </Required>
        <Dependent type="300" schemaName="olp_mcapsacademyappcontenttest_62375" displayName="Start your Journey-" />
      </MissingDependency>
      <MissingDependency>
        <Required type="1" schemaName="msfp_question" displayName="Customer Voice survey question" solution="MicrosoftFormsPro (2.0.0.40)">
          <package>MicrosoftFormsPro (2.0.0.40)</package>
        </Required>
        <Dependent type="300" schemaName="olp_startyourjourneycopy28nov2022_684e9" displayName="Start your Journey Content - Keertana's Practice" />
      </MissingDependency>
      <MissingDependency>
        <Required type="1" schemaName="msfp_questionresponse" displayName="Customer Voice survey question response" solution="MicrosoftFormsPro (2.0.0.40)">
          <package>MicrosoftFormsPro (2.0.0.40)</package>
        </Required>
        <Dependent type="300" schemaName="olp_mcapsacademyappcontenttest_62375" displayName="Start your Journey-" />
      </MissingDependency>
      <MissingDependency>
        <Required type="1" schemaName="msfp_questionresponse" displayName="Customer Voice survey question response" solution="MicrosoftFormsPro (2.0.0.40)">
          <package>MicrosoftFormsPro (2.0.0.40)</package>
        </Required>
        <Dependent type="300" schemaName="olp_startyourjourneycopy28nov2022_684e9" displayName="Start your Journey Content - Keertana's Practice" />
      </MissingDependency>
      <MissingDependency>
        <Required type="1" schemaName="msfp_survey" displayName="Customer Voice survey" solution="MicrosoftFormsPro (2.0.0.40)">
          <package>MicrosoftFormsPro (2.0.0.40)</package>
        </Required>
        <Dependent type="300" schemaName="olp_mcapsacademyappcontenttest_62375" displayName="Start your Journey-" />
      </MissingDependency>
      <MissingDependency>
        <Required type="1" schemaName="msfp_survey" displayName="Customer Voice survey" solution="MicrosoftFormsPro (2.0.0.40)">
          <package>MicrosoftFormsPro (2.0.0.40)</package>
        </Required>
        <Dependent type="300" schemaName="olp_startyourjourneycopy28nov2022_684e9" displayName="Start your Journey Content - Keertana's Practice" />
      </MissingDependency>
      <MissingDependency>
        <Required type="1" schemaName="msfp_surveyinvite" displayName="Customer Voice survey invite" solution="MicrosoftFormsPro (2.0.0.40)">
          <package>MicrosoftFormsPro (2.0.0.40)</package>
        </Required>
        <Dependent type="300" schemaName="olp_mcapsacademyappcontenttest_62375" displayName="Start your Journey-" />
      </MissingDependency>
      <MissingDependency>
        <Required type="1" schemaName="msfp_surveyinvite" displayName="Customer Voice survey invite" solution="MicrosoftFormsPro (2.0.0.40)">
          <package>MicrosoftFormsPro (2.0.0.40)</package>
        </Required>
        <Dependent type="300" schemaName="olp_startyourjourneycopy28nov2022_684e9" displayName="Start your Journey Content - Keertana's Practice" />
      </MissingDependency>
      <MissingDependency>
        <Required type="1" schemaName="msfp_surveyresponse" displayName="Customer Voice survey response" solution="MicrosoftFormsPro (2.0.0.40)">
          <package>MicrosoftFormsPro (2.0.0.40)</package>
        </Required>
        <Dependent type="300" schemaName="olp_mcapsacademyappcontenttest_62375" displayName="Start your Journey-" />
      </MissingDependency>
      <MissingDependency>
        <Required type="1" schemaName="msfp_surveyresponse" displayName="Customer Voice survey response" solution="MicrosoftFormsPro (2.0.0.40)">
          <package>MicrosoftFormsPro (2.0.0.40)</package>
        </Required>
        <Dependent type="300" schemaName="olp_startyourjourneycopy28nov2022_684e9" displayName="Start your Journey Content - Keertana's Practice" />
      </MissingDependency>
      <MissingDependency>
        <Required type="1" schemaName="olp_area" displayName="Area" solution="Active" />
        <Dependent type="300" schemaName="olp_mcapsacademyappcontenttest_62375" displayName="Start your Journey-" />
      </MissingDependency>
      <MissingDependency>
        <Required type="1" schemaName="olp_area" displayName="Area" solution="Active" />
        <Dependent type="300" schemaName="olp_startyourjourneycopy28nov2022_684e9" displayName="Start your Journey Content - Keertana's Practice" />
      </MissingDependency>
      <MissingDependency>
        <Required type="1" schemaName="olp_assetperpath" displayName="Asset per Path" solution="Active" />
        <Dependent type="300" schemaName="olp_mcapsacademyapp_7c1ba" displayName="Start your  Journey" />
      </MissingDependency>
      <MissingDependency>
        <Required type="1" schemaName="olp_assetperpath" displayName="Asset per Path" solution="Active" />
        <Dependent type="300" schemaName="olp_mcapsacademyappcontenttest_62375" displayName="Start your Journey-" />
      </MissingDependency>
      <MissingDependency>
        <Required type="1" schemaName="olp_assetperpath" displayName="Asset per Path" solution="Active" />
        <Dependent type="300" schemaName="olp_startyourjourneycopy28nov2022_684e9" displayName="Start your Journey Content - Keertana's Practice" />
      </MissingDependency>
      <MissingDependency>
        <Required type="1" schemaName="olp_assetperpath" displayName="Asset per Path" solution="Active" />
        <Dependent type="300" schemaName="olp_startyourjourneycopy28nov2022_9ad46" displayName="Start your  Journey Welcome Page - Keertana's Practice" />
      </MissingDependency>
      <MissingDependency>
        <Required type="1" schemaName="olp_learnerroles" displayName="Learner Program Parameter" solution="Active" />
        <Dependent type="300" schemaName="olp_mcapsacademyapp_7c1ba" displayName="Start your  Journey" />
      </MissingDependency>
      <MissingDependency>
        <Required type="1" schemaName="olp_learnerroles" displayName="Learner Program Parameter" solution="Active" />
        <Dependent type="300" schemaName="olp_mcapsacademyappcontenttest_62375" displayName="Start your Journey-" />
      </MissingDependency>
      <MissingDependency>
        <Required type="1" schemaName="olp_learnerroles" displayName="Learner Program Parameter" solution="Active" />
        <Dependent type="300" schemaName="olp_startyourjourneycopy28nov2022_684e9" displayName="Start your Journey Content - Keertana's Practice" />
      </MissingDependency>
      <MissingDependency>
        <Required type="1" schemaName="olp_learnerroles" displayName="Learner Program Parameter" solution="Active" />
        <Dependent type="300" schemaName="olp_startyourjourneycopy28nov2022_9ad46" displayName="Start your  Journey Welcome Page - Keertana's Practice" />
      </MissingDependency>
      <MissingDependency>
        <Required type="1" schemaName="olp_paths" displayName="Paths" solution="Active" />
        <Dependent type="300" schemaName="olp_mcapsacademyapp_7c1ba" displayName="Start your  Journey" />
      </MissingDependency>
      <MissingDependency>
        <Required type="1" schemaName="olp_paths" displayName="Paths" solution="Active" />
        <Dependent type="300" schemaName="olp_mcapsacademyappcontenttest_62375" displayName="Start your Journey-" />
      </MissingDependency>
      <MissingDependency>
        <Required type="1" schemaName="olp_paths" displayName="Paths" solution="Active" />
        <Dependent type="300" schemaName="olp_startyourjourneycopy28nov2022_684e9" displayName="Start your Journey Content - Keertana's Practice" />
      </MissingDependency>
      <MissingDependency>
        <Required type="1" schemaName="olp_paths" displayName="Paths" solution="Active" />
        <Dependent type="300" schemaName="olp_startyourjourneycopy28nov2022_9ad46" displayName="Start your  Journey Welcome Page - Keertana's Practice" />
      </MissingDependency>
      <MissingDependency>
        <Required type="1" schemaName="olp_pathsperrole" displayName="Paths per Program Parameter" solution="Active" />
        <Dependent type="300" schemaName="olp_mcapsacademyappcontenttest_62375" displayName="Start your Journey-" />
      </MissingDependency>
      <MissingDependency>
        <Required type="1" schemaName="olp_pathsperrole" displayName="Paths per Program Parameter" solution="Active" />
        <Dependent type="300" schemaName="olp_startyourjourneycopy28nov2022_684e9" displayName="Start your Journey Content - Keertana's Practice" />
      </MissingDependency>
      <MissingDependency>
        <Required type="1" schemaName="olp_persona" displayName="Persona" solution="Active" />
        <Dependent type="300" schemaName="olp_mcapsacademyappcontenttest_62375" displayName="Start your Journey-" />
      </MissingDependency>
      <MissingDependency>
        <Required type="1" schemaName="olp_persona" displayName="Persona" solution="Active" />
        <Dependent type="300" schemaName="olp_startyourjourneycopy28nov2022_684e9" displayName="Start your Journey Content - Keertana's Practice" />
      </MissingDependency>
      <MissingDependency>
        <Required type="1" schemaName="olp_topics" displayName="Topics" solution="Active" />
        <Dependent type="300" schemaName="olp_mcapsacademyappcontenttest_62375" displayName="Start your Journey-" />
      </MissingDependency>
      <MissingDependency>
        <Required type="1" schemaName="olp_topics" displayName="Topics" solution="Active" />
        <Dependent type="300" schemaName="olp_startyourjourneycopy28nov2022_684e9" displayName="Start your Journey Content - Keertana's Practice" />
      </MissingDependency>
      <MissingDependency>
        <Required type="1" schemaName="wwlsvy_certification" displayName="Asset Catalog" solution="Active" />
        <Dependent type="300" schemaName="olp_mcapsacademyapp_7c1ba" displayName="Start your  Journey" />
      </MissingDependency>
      <MissingDependency>
        <Required type="1" schemaName="wwlsvy_certification" displayName="Asset Catalog" solution="Active" />
        <Dependent type="300" schemaName="olp_mcapsacademyappcontenttest_62375" displayName="Start your Journey-" />
      </MissingDependency>
      <MissingDependency>
        <Required type="1" schemaName="wwlsvy_certification" displayName="Asset Catalog" solution="Active" />
        <Dependent type="300" schemaName="olp_startyourjourneycopy28nov2022_684e9" displayName="Start your Journey Content - Keertana's Practice" />
      </MissingDependency>
      <MissingDependency>
        <Required type="1" schemaName="wwlsvy_certification" displayName="Asset Catalog" solution="Active" />
        <Dependent type="300" schemaName="olp_startyourjourneycopy28nov2022_9ad46" displayName="Start your  Journey Welcome Page - Keertana's Practice" />
      </MissingDependency>
      <MissingDependency>
        <Required type="1" schemaName="wwlsvy_certificationcompletion" displayName="Assets Per Learner" solution="Active" />
        <Dependent type="300" schemaName="olp_mcapsacademyappcontenttest_62375" displayName="Start your Journey-" />
      </MissingDependency>
      <MissingDependency>
        <Required type="1" schemaName="wwlsvy_certificationcompletion" displayName="Assets Per Learner" solution="Active" />
        <Dependent type="300" schemaName="olp_startyourjourneycopy28nov2022_684e9" displayName="Start your Journey Content - Keertana's Practice" />
      </MissingDependency>
      <MissingDependency>
        <Required type="1" schemaName="wwlsvy_immersion" displayName="Role" solution="Active" />
        <Dependent type="300" schemaName="olp_mcapsacademyappcontenttest_62375" displayName="Start your Journey-" />
      </MissingDependency>
      <MissingDependency>
        <Required type="1" schemaName="wwlsvy_immersion" displayName="Role" solution="Active" />
        <Dependent type="300" schemaName="olp_startyourjourneycopy28nov2022_684e9" displayName="Start your Journey Content - Keertana's Practice" />
      </MissingDependency>
      <MissingDependency>
        <Required type="1" schemaName="wwlsvy_learnerchoice" displayName="Onboarding Experience Choice" solution="Active" />
        <Dependent type="300" schemaName="olp_mcapsacademyappcontenttest_62375" displayName="Start your Journey-" />
      </MissingDependency>
      <MissingDependency>
        <Required type="1" schemaName="wwlsvy_learnerchoice" displayName="Onboarding Experience Choice" solution="Active" />
        <Dependent type="300" schemaName="olp_startyourjourneycopy28nov2022_684e9" displayName="Start your Journey Content - Keertana's Practice" />
      </MissingDependency>
      <MissingDependency>
        <Required type="1" schemaName="wwlsvy_onboardingexperiencerequest" displayName="Onboarding Experience Request" solution="Active" />
        <Dependent type="300" schemaName="olp_mcapsacademyappcontenttest_62375" displayName="Start your Journey-" />
      </MissingDependency>
      <MissingDependency>
        <Required type="1" schemaName="wwlsvy_onboardingexperiencerequest" displayName="Onboarding Experience Request" solution="Active" />
        <Dependent type="300" schemaName="olp_startyourjourneycopy28nov2022_684e9" displayName="Start your Journey Content - Keertana's Practice" />
      </MissingDependency>
      <MissingDependency>
        <Required type="1" schemaName="wwlsvy_qualifiercriteria" displayName="Program Parameter" solution="Active" />
        <Dependent type="300" schemaName="olp_mcapsacademyapp_7c1ba" displayName="Start your  Journey" />
      </MissingDependency>
      <MissingDependency>
        <Required type="1" schemaName="wwlsvy_qualifiercriteria" displayName="Program Parameter" solution="Active" />
        <Dependent type="300" schemaName="olp_mcapsacademyappcontenttest_62375" displayName="Start your Journey-" />
      </MissingDependency>
      <MissingDependency>
        <Required type="1" schemaName="wwlsvy_qualifiercriteria" displayName="Program Parameter" solution="Active" />
        <Dependent type="300" schemaName="olp_startyourjourneycopy28nov2022_684e9" displayName="Start your Journey Content - Keertana's Practice" />
      </MissingDependency>
      <MissingDependency>
        <Required type="1" schemaName="wwlsvy_qualifiercriteria" displayName="Program Parameter" solution="Active" />
        <Dependent type="300" schemaName="olp_startyourjourneycopy28nov2022_9ad46" displayName="Start your  Journey Welcome Page - Keertana's Practice" />
      </MissingDependency>
      <MissingDependency>
        <Required type="1" schemaName="wwlsvy_solutionarea" displayName="Program" solution="Active" />
        <Dependent type="300" schemaName="olp_mcapsacademyappcontenttest_62375" displayName="Start your Journey-" />
      </MissingDependency>
      <MissingDependency>
        <Required type="1" schemaName="wwlsvy_solutionarea" displayName="Program" solution="Active" />
        <Dependent type="300" schemaName="olp_startyourjourneycopy28nov2022_684e9" displayName="Start your Journey Content - Keertana's Practice" />
      </MissingDependency>
    </MissingDependencies>
  </SolutionManifest>
</ImportExportXml>